City_ID,City,Lat,Lng,Max Temp,Humidity,Cloudiness,Wind Speed,Country,Date
0,Bluff,-46.6,168.3333,10.45,62,72,4.18,NZ,1670276941
1,Vardø,70.3705,31.1107,-3.01,86,75,3.09,NO,1670276825
2,Houma,29.5958,-90.7195,25.0,90,75,3.09,US,1670277080
3,Vung Tau,10.346,107.0843,25.39,87,88,3.61,VN,1670277080
4,Mataura,-46.1927,168.8643,10.27,90,97,1.57,NZ,1670277038
5,Ushuaia,-54.8,-68.3,8.81,46,75,11.32,AR,1670277039
6,Jamestown,42.097,-79.2353,7.8,26,0,4.63,US,1670277025
7,Kāmyārān,34.7956,46.9355,3.56,70,19,1.74,IR,1670277081
8,Puerto Ayora,-0.7393,-90.3518,24.98,89,52,2.68,EC,1670277018
9,Lüderitz,-26.6481,15.1594,15.97,69,3,8.84,NA,1670277022
10,Ancud,-41.8697,-73.8203,13.65,97,95,5.53,CL,1670276918
11,Chui,-33.6971,-53.4616,20.94,79,0,3.71,UY,1670277083
12,Hermanus,-34.4187,19.2345,12.67,68,99,1.93,ZA,1670276774
13,Sola,-13.8833,167.55,29.37,79,75,0.0,VU,1670277057
14,Albany,42.6001,-73.9662,5.25,48,100,3.01,US,1670277045
15,Görele,41.0308,39.0031,10.0,83,50,2.58,TR,1670277084
16,New Norfolk,-42.7826,147.0587,13.84,57,93,0.45,AU,1670277084
17,Hobart,-42.8794,147.3294,13.48,66,75,6.69,AU,1670276689
18,Yulara,-25.2406,130.9889,30.54,15,8,4.6,AU,1670277058
19,Rikitea,-23.1203,-134.9692,24.23,81,95,6.23,PF,1670276751
20,Salalah,17.0151,54.0924,22.94,69,0,1.04,OM,1670277085
21,Antofagasta,-23.65,-70.4,19.6,71,8,2.93,CL,1670277006
22,Keetmanshoop,-26.5833,18.1333,16.8,40,8,6.32,NA,1670277086
23,Cherskiy,68.75,161.3,-25.38,88,100,2.83,RU,1670277052
24,Kapaa,22.0752,-159.319,23.99,88,49,5.66,US,1670276989
25,Nhulunbuy,-12.2333,136.7667,26.34,83,72,0.0,AU,1670277087
26,Ayr,55.4627,-4.6339,1.29,93,40,1.54,GB,1670277087
27,Ponta do Sol,32.6667,-17.1,19.35,77,100,0.7,PT,1670277088
28,Dikson,73.5069,80.5464,-5.13,96,100,5.83,RU,1670277088
29,Constitución,-35.3333,-72.4167,17.5,65,6,7.47,CL,1670276915
30,Pacifica,37.6138,-122.4869,16.52,74,75,6.17,US,1670276954
31,Lagunas,-5.2269,-75.6753,29.81,61,93,0.77,PE,1670277089
32,Atuona,-9.8,-139.0333,25.3,74,91,7.0,PF,1670277056
33,Saskylakh,71.9167,114.0833,-24.43,89,100,8.82,RU,1670277090
34,Vaini,-21.2,-175.2,28.09,78,40,3.6,TO,1670277033
35,Tumut,-35.3,148.2167,15.92,67,2,1.65,AU,1670277090
36,Irbeyskoye,55.6428,95.4522,-14.63,71,100,5.24,RU,1670277091
37,Ahipara,-35.1667,173.1667,20.31,66,100,2.4,NZ,1670276960
38,Bud,39.447,-86.1758,7.17,63,100,3.02,US,1670277060
39,Saint Paul Harbor,57.79,-152.4072,3.73,93,100,5.14,US,1670276817
40,Chokurdakh,70.6333,147.9167,-37.81,99,37,3.24,RU,1670277092
41,Punta Arenas,-53.15,-70.9167,10.06,40,40,8.75,CL,1670276947
42,Fairhope,30.523,-87.9033,23.87,81,40,4.12,US,1670277093
43,Port Alfred,-33.5906,26.891,14.54,94,0,0.89,ZA,1670276754
44,Sungai Raya,0.7,108.9,24.75,90,67,1.73,ID,1670277093
45,Kedrovyy,56.1667,91.8167,-15.63,93,100,3.56,RU,1670277094
46,Pevek,69.7008,170.3133,-29.31,82,20,1.54,RU,1670276954
47,Yellowknife,62.456,-114.3525,-30.25,69,20,4.63,CA,1670276881
48,Turbat,26.0023,63.044,20.3,27,0,2.69,PK,1670277094
49,Talcahuano,-36.7167,-73.1167,18.82,68,0,6.69,CL,1670277016
50,Tezu,27.9167,96.1667,15.74,37,0,1.94,IN,1670277005
51,Busselton,-33.65,115.3333,13.91,71,0,5.11,AU,1670276749
52,Longyearbyen,78.2186,15.6401,-16.68,89,100,6.41,SJ,1670277096
53,Yuanping,38.7153,112.7575,-5.74,41,0,1.23,CN,1670277096
54,Bredasdorp,-34.5322,20.0403,14.74,68,100,0.91,ZA,1670276988
55,Kīhei,20.785,-156.4656,28.01,72,20,5.14,US,1670277097
56,Tasiilaq,65.6145,-37.6368,-8.32,62,27,2.82,GL,1670277097
57,Buala,-8.145,159.5921,28.68,74,100,3.05,SB,1670277097
58,Nemuro,43.3236,145.575,-1.85,53,0,5.47,JP,1670276989
59,Carutapera,-1.195,-46.02,26.22,79,100,3.48,BR,1670277099
60,Tuktoyaktuk,69.4541,-133.0374,-26.0,64,75,10.29,CA,1670277099
61,Tanout,14.9709,8.8879,22.26,18,79,5.27,NE,1670277100
62,Diepoldsau,47.386,9.6556,3.15,86,20,1.03,CH,1670277100
63,Buluang,13.3068,123.3425,23.36,93,98,1.42,PH,1670277101
64,Nikolskoye,59.7035,30.7861,-6.06,93,100,3.38,RU,1670277101
65,Leh,34.1667,77.5833,-8.85,50,50,0.6,IN,1670277102
66,Narsaq,60.9167,-46.05,6.12,71,77,4.85,GL,1670276802
67,Ngunguru,-35.6167,174.5,17.67,75,100,2.89,NZ,1670277102
68,Licheng,23.2955,113.8284,10.99,70,79,2.29,CN,1670277103
69,Shirvan,39.9509,48.8994,2.94,69,96,3.05,AZ,1670277103
70,Buenos Aires,-34.6132,-58.3772,33.94,58,0,6.17,AR,1670276898
71,Dutse,11.7594,9.3392,20.74,19,9,3.66,NG,1670277104
72,Saint-Philippe,-21.3585,55.7679,22.77,79,99,4.42,RE,1670277104
73,Igrim,63.1906,64.4162,-15.1,98,97,2.38,RU,1670277105
74,Terrace,54.5163,-128.6035,-8.05,57,20,4.63,CA,1670277105
75,Davila,18.4726,120.5763,25.99,83,81,10.94,PH,1670277106
76,Almaznyy,48.0448,40.045,-7.9,55,0,4.83,RU,1670277106
77,Cape Town,-33.9258,18.4232,18.23,68,0,6.17,ZA,1670276943
78,Sabang,5.8933,95.3214,26.55,78,87,2.8,ID,1670277107
79,Fort Nelson,58.8053,-122.7002,-21.23,54,20,1.54,CA,1670277107
80,Dusetos,55.75,25.85,-5.12,91,100,3.97,LT,1670277108
81,Kloulklubed,7.0419,134.2556,28.05,76,75,5.44,PW,1670277108
82,Kaitangata,-46.2817,169.8464,9.21,87,100,2.71,NZ,1670277109
83,Hilo,19.7297,-155.09,27.93,79,100,4.02,US,1670277032
84,Lagoa,39.05,-27.9833,16.44,69,100,6.86,PT,1670277109
85,Butaritari,3.0707,172.7902,27.18,80,99,6.92,KI,1670277110
86,Turukhansk,65.8167,87.9833,-3.85,95,100,6.56,RU,1670277110
87,Qaanaaq,77.484,-69.3632,0.77,87,100,7.52,GL,1670277047
88,Nautla,20.2167,-96.7833,25.38,74,16,5.08,MX,1670277111
89,Champerico,14.3,-91.9167,33.3,73,4,2.76,GT,1670277111
90,Zhigansk,66.7697,123.3711,-28.75,98,100,1.46,RU,1670277112
91,Tiksi,71.6872,128.8694,-24.54,96,100,5.09,RU,1670277112
92,Arman',59.7,150.1667,-28.38,91,7,3.17,RU,1670277113
93,Broken Hill,-31.95,141.4333,18.53,38,70,4.78,AU,1670276849
94,Carnarvon,-24.8667,113.6333,20.84,73,73,7.11,AU,1670277113
95,Carauari,-4.8828,-66.8958,26.07,86,94,0.92,BR,1670277114
96,Uray,60.1247,64.7758,-18.6,98,98,2.06,RU,1670277114
97,Krasnosel'kup,65.7,82.4667,-5.62,93,100,7.33,RU,1670277115
98,Mount Isa,-20.7333,139.5,27.87,42,0,0.0,AU,1670277115
99,Leningradskiy,69.3833,178.4167,-27.3,93,5,1.9,RU,1670276816
100,Trelew,-43.249,-65.3051,31.15,16,0,9.26,AR,1670277093
101,Luanda,-8.8368,13.2343,27.0,78,75,3.09,AO,1670277116
102,Noumea,-22.2763,166.4572,27.22,99,100,3.05,NC,1670276986
103,Baie-Comeau,49.2168,-68.1489,0.82,69,100,7.2,CA,1670277117
104,Clyde River,70.4692,-68.5914,-9.87,92,100,3.6,CA,1670277117
105,Samaná,19.2056,-69.3369,28.12,74,40,3.09,DO,1670277118
106,Apt,43.8833,5.4,0.16,66,89,2.13,FR,1670276921
107,Esperance,-33.8667,121.9,16.07,81,100,2.24,AU,1670277119
108,Port Macquarie,-31.4333,152.9167,23.83,64,69,4.85,AU,1670276769
109,Morehead,37.2711,-87.1764,8.88,96,100,1.54,US,1670276950
110,Avarua,-21.2078,-159.775,25.03,88,100,2.57,CK,1670277050
111,Bambous Virieux,-20.3428,57.7575,24.14,88,40,4.63,MU,1670277043
112,Torbay,47.6666,-52.7314,4.21,96,100,0.0,CA,1670277120
113,Marabu,4.4148,114.0089,25.09,100,40,1.03,MY,1670276981
114,Mpanda,-6.3655,31.0409,16.7,97,83,0.8,TZ,1670277121
115,Mayo,38.8876,-76.5119,9.23,58,0,4.12,US,1670277122
116,Kachīry,53.0675,76.1036,-20.11,98,85,1.83,KZ,1670277122
117,Treinta y Tres,-33.2333,-54.3833,24.87,44,0,5.91,UY,1670277122
118,Karak,31.1667,35.75,10.36,81,0,1.79,JO,1670277123
119,Hong Kong,22.2855,114.1577,16.25,73,74,4.92,HK,1670277007
120,Santa Fé do Sul,-20.2111,-50.9258,25.24,68,80,3.16,BR,1670277124
121,Portland,45.5234,-122.6762,8.1,76,20,1.54,US,1670276725
122,Prado,-17.3411,-39.2208,22.83,87,100,3.09,BR,1670277124
123,Kānker,20.2719,81.4931,14.05,63,1,0.49,IN,1670277125
124,Valparaíso,-33.0393,-71.6273,21.13,87,0,4.63,CL,1670277073
125,Tateyama,34.9833,139.8667,6.96,87,75,5.66,JP,1670277125
126,Marawi,7.9986,124.2928,19.4,93,73,0.83,PH,1670277126
127,Hithadhoo,-0.6,73.0833,27.26,77,98,3.84,MV,1670276986
128,Darnah,32.767,22.6367,17.31,77,27,1.44,LY,1670277127
129,Barrow,71.2906,-156.7887,-0.99,86,75,9.77,US,1670276773
130,Kemijärvi,66.7131,27.4306,-0.21,97,100,5.42,FI,1670277128
131,‘Āhuimanu,21.4447,-157.8378,27.84,68,40,3.09,US,1670277128
132,Barbastro,42.0356,0.1269,8.3,64,100,1.41,ES,1670277128
133,Zapadnaya Dvina,56.259,32.0745,-7.74,80,100,4.0,RU,1670277129
134,Maceió,-9.6658,-35.7353,24.69,94,75,4.63,BR,1670277129
135,Avera,33.194,-82.5271,11.32,96,100,2.79,US,1670277130
136,Katsuura,35.1333,140.3,7.01,95,100,9.0,JP,1670276941
137,Aitape,-3.1374,142.3475,24.69,92,100,3.51,PG,1670277130
138,Rāzole,16.4833,81.8333,21.36,86,61,1.78,IN,1670277131
139,Codrington,-38.2667,141.9667,14.18,64,12,4.92,AU,1670277048
140,Alihe,50.5667,123.7167,-15.14,84,100,2.33,CN,1670277132
141,Klaksvík,62.2266,-6.589,4.51,65,80,11.72,FO,1670277028
142,Severo-Kuril'sk,50.6789,156.125,-4.64,76,98,9.47,RU,1670277132
143,Mergen,49.1833,125.2167,-17.44,89,77,3.34,CN,1670277133
144,Saldanha,-33.0117,17.9442,16.03,78,75,6.36,ZA,1670277058
145,Kieta,-6.2167,155.6333,27.81,75,96,1.14,PG,1670276995
146,East London,-33.0153,27.9116,15.71,85,4,4.94,ZA,1670277134
147,Emerald,-23.5333,148.1667,25.19,64,0,3.94,AU,1670277134
148,Lucapa,-8.4192,20.7447,16.31,97,31,0.6,AO,1670277135
149,San Ramon,37.7799,-121.978,15.92,73,75,5.66,US,1670276946
150,Kahului,20.8947,-156.47,28.01,66,20,5.14,US,1670276862
151,Kavaratti,10.5669,72.642,27.39,73,57,0.74,IN,1670276988
152,Port Elizabeth,-33.918,25.5701,16.29,90,2,3.58,ZA,1670277040
153,Ulladulla,-35.35,150.4667,17.79,68,43,4.13,AU,1670276990
154,Oddur,4.1213,43.8894,23.42,59,79,5.25,SO,1670277137
155,Kastamonu Province,41.5,33.6667,5.5,76,94,1.11,TR,1670277137
156,Hobyo,5.3505,48.5268,26.71,77,100,7.64,SO,1670277138
157,Mae Ramat,16.984,98.5166,22.67,93,95,0.8,TH,1670277138
158,Orange Cove,36.6244,-119.3137,16.65,63,40,3.09,US,1670277139
159,Nadvoitsy,63.8667,34.3167,-5.2,91,100,6.25,RU,1670277139
160,Atasū,48.6814,71.6433,-25.66,96,33,2.01,KZ,1670277140
161,Muhafazat Lahij,13.1667,44.5833,20.55,82,11,1.92,YE,1670277140
162,Manacor,39.5696,3.2096,12.51,80,35,1.33,ES,1670277141
163,Kurchum,48.5722,83.6542,-20.72,100,97,0.11,KZ,1670277141
164,Tebingtinggi,3.3285,99.1625,22.97,92,100,0.66,ID,1670277142
165,Port Blair,11.6667,92.75,27.14,83,99,9.3,IN,1670277142
166,Broome,42.2506,-75.833,4.25,51,0,3.09,US,1670277142
167,Cabo San Lucas,22.8909,-109.9124,29.73,62,68,1.34,MX,1670277143
168,Faanui,-16.4833,-151.75,26.37,77,76,7.98,PF,1670276912
169,Olafsvik,64.8945,-23.7142,4.16,77,17,1.41,IS,1670277144
170,Hasanpur,28.7167,78.2833,13.33,40,0,3.19,IN,1670277144
171,Paamiut,61.994,-49.6678,3.04,77,100,15.54,GL,1670277120
172,Cascais,38.6979,-9.4215,14.96,91,65,2.24,PT,1670277098
173,Alofi,-19.0595,-169.9187,26.94,89,75,4.63,NU,1670277145
174,Dudinka,69.4058,86.1778,-3.54,95,100,7.13,RU,1670276936
175,Meulaboh,4.1363,96.1285,23.18,93,100,1.61,ID,1670276911
176,Aklavik,68.2191,-135.0107,-25.43,83,100,9.69,CA,1670276995
177,Verkhnevilyuysk,63.4453,120.3167,-23.82,99,100,1.74,RU,1670277024
178,Castro,-24.7911,-50.0119,19.43,95,61,1.48,BR,1670277031
179,Muisne,0.6,-80.0333,24.41,77,15,3.69,EC,1670277146
180,San Quintín,30.4833,-115.95,18.0,68,0,8.64,MX,1670276973
181,Gorontalo,0.5412,123.0595,23.64,92,100,0.84,ID,1670276954
182,Mitsamiouli,-11.3847,43.2844,26.41,81,29,5.64,KM,1670277147
183,Chānasma,23.7167,72.1167,17.34,34,0,3.32,IN,1670277148
184,Lithakia,37.7167,20.8333,12.65,80,90,4.67,GR,1670277148
185,Uvalde,29.3669,-99.767,18.55,89,100,2.06,US,1670276983
186,Kushmurun,52.4503,64.6311,-20.99,89,88,2.19,KZ,1670277093
187,Lompoc,34.6391,-120.4579,17.61,66,0,5.14,US,1670277149
188,Faya,18.3851,42.4509,13.06,83,3,1.22,SA,1670277034
189,Itaituba,-4.2761,-55.9836,31.09,66,20,1.54,BR,1670277150
190,Sakaiminato,35.55,133.2333,6.99,70,75,5.14,JP,1670277151
191,Tafresh,34.692,50.013,-0.77,93,85,2.33,IR,1670277151
192,Arraial do Cabo,-22.9661,-42.0278,24.98,73,40,8.23,BR,1670277152
193,Cayenne,4.9333,-52.3333,26.02,89,100,1.54,GF,1670277027
194,Andenes,69.3143,16.1194,3.29,87,75,12.86,NO,1670277152
195,La Ronge,55.1001,-105.2842,-23.86,58,40,3.09,CA,1670277153
196,Provideniya,64.3833,-173.3,1.06,75,100,14.0,RU,1670277154
197,Bathsheba,13.2167,-59.5167,27.34,81,40,2.06,BB,1670277057
198,Tiarei,-17.5333,-149.3333,29.01,78,32,7.35,PF,1670277154
199,São Filipe,14.8961,-24.4956,22.57,68,32,3.02,CV,1670277155
200,Garango,11.8,-0.5506,29.03,22,89,3.86,BF,1670277155
201,Lebu,-37.6167,-73.65,17.1,72,1,2.36,CL,1670276758
202,Dunedin,-45.8742,170.5036,9.89,90,100,4.02,NZ,1670276870
203,Barra de Tecoanapa,16.5167,-98.75,28.82,63,0,4.36,MX,1670277156
204,Samarai,-10.6167,150.6667,27.69,73,85,2.44,PG,1670277157
205,Lorengau,-2.0226,147.2712,26.74,82,100,1.8,PG,1670277038
206,Sistranda,63.7256,8.834,3.98,72,99,10.95,NO,1670277158
207,Mar del Plata,-38.0023,-57.5575,25.01,80,0,8.94,AR,1670277158
208,Deputatsky,69.3,139.9,-31.58,96,100,1.47,RU,1670277159
209,Beringovskiy,63.05,179.3167,0.17,98,100,9.61,RU,1670277159
210,Mondlo,-27.983,30.7177,14.65,95,97,4.93,ZA,1670277159
211,Djibouti,11.5,42.5,20.25,76,1,5.44,DJ,1670277160
212,Sur,22.5667,59.5289,22.54,64,0,1.06,OM,1670277160
213,Neryungri,56.6709,124.6491,-17.58,91,100,4.49,RU,1670277161
214,Great Yarmouth,52.6083,1.7305,7.14,71,100,7.94,GB,1670277030
215,Ugoofaaru,5.6667,73.0,26.07,82,100,4.5,MV,1670277163
216,Ribeira Grande,38.5167,-28.7,17.22,72,40,7.15,PT,1670277051
217,Harper,4.375,-7.7169,25.76,85,75,2.81,LR,1670277164
218,Jérémie,18.65,-74.1167,25.62,68,7,4.95,HT,1670277165
219,Tevriz,57.509,72.4042,-22.79,100,98,0.88,RU,1670277165
220,Costineşti,43.95,28.6333,3.58,77,100,3.55,RO,1670277166
221,Boa Vista,2.8197,-60.6733,29.99,62,20,3.6,BR,1670277104
222,Labuhan,-6.8844,112.2051,25.95,84,100,1.96,ID,1670277167
223,Coquimbo,-29.9533,-71.3436,18.85,72,40,4.12,CL,1670276899
224,Upernavik,72.7868,-56.1549,-3.01,82,29,4.75,GL,1670277117
225,Katobu,-4.9408,122.5276,23.59,93,82,0.94,ID,1670277167
226,Chilca,-12.5211,-76.7372,20.04,78,33,3.45,PE,1670277168
227,Virginia Beach,36.8529,-75.978,12.02,74,75,2.06,US,1670276874
228,Marzuq,14.4,46.4667,15.74,54,2,1.2,YE,1670277169
229,Claresholm,50.0333,-113.5852,-9.05,79,93,2.06,CA,1670277169
230,Wilkes-Barre,41.2459,-75.8813,5.67,62,97,1.34,US,1670276912
231,Korla,41.7597,86.1469,-5.3,41,58,2.05,CN,1670277170
232,Kandrian,-6.2167,149.55,26.49,86,94,3.18,PG,1670277170
233,Cidreira,-30.1811,-50.2056,22.21,90,97,4.26,BR,1670277032
234,Polson,47.6936,-114.1632,-5.13,80,100,1.66,US,1670277171
235,Thio,-21.6167,166.2167,26.98,80,100,3.35,NC,1670277171
236,Ambon City,-3.6954,128.1814,25.13,15,40,3.09,ID,1670277172
237,Thompson,55.7435,-97.8558,-27.91,69,40,4.12,CA,1670277042
238,Roebourne,-20.7833,117.1333,28.05,38,24,4.57,AU,1670277172
239,Sasovo,54.3537,41.9199,-11.03,85,86,2.3,RU,1670277173
240,Grand Gaube,-20.0064,57.6608,24.22,78,33,2.68,MU,1670277173
241,Viedma,-40.8135,-62.9967,29.38,33,62,6.2,AR,1670277174
242,Gizo Government Station,-8.103,156.8419,28.28,72,100,2.85,SB,1670277174
243,Port Hardy,50.6996,-127.4199,2.1,93,75,0.0,CA,1670276744
244,Oktyabr'skoye,43.0645,44.7417,-3.92,100,98,4.0,RU,1670277175
245,Husavik,66.0449,-17.3389,-0.3,80,95,4.91,IS,1670277175
246,Kaeo,-35.1,173.7833,19.1,73,100,2.28,NZ,1670277176
247,Moroni,-11.7022,43.2551,25.72,77,9,3.04,KM,1670277176
248,Talnakh,69.4865,88.3972,-3.77,96,100,5.83,RU,1670277032
249,Acapulco de Juárez,16.8634,-99.8901,28.64,66,0,3.41,MX,1670277165
250,Nantucket,41.2835,-70.0995,8.08,74,0,3.6,US,1670277177
251,Dingle,10.9995,122.6711,22.86,93,35,3.4,PH,1670277177
252,Caxito,-8.5785,13.6643,24.3,91,92,2.22,AO,1670277178
253,Fernie,49.5,-115.0687,-2.95,93,100,2.04,CA,1670277178
254,Hasaki,35.7333,140.8333,5.68,86,100,11.76,JP,1670276897
255,Moche,-8.1711,-79.0092,22.1,78,54,5.66,PE,1670277179
256,Dubbo,-32.25,148.6167,19.07,42,70,4.63,AU,1670277179
257,Quatre Cocos,-20.2078,57.7625,24.06,80,63,6.77,MU,1670277180
258,Witbank,-25.8713,29.2332,15.28,84,66,4.21,ZA,1670277180
259,Saint-Pierre,-21.3393,55.4781,22.82,73,0,2.57,RE,1670277181
260,Matamoros,25.5333,-103.25,28.95,29,46,1.62,MX,1670277181
261,Fairbanks,64.8378,-147.7164,-8.0,89,100,0.0,US,1670277006
262,Hofn,64.2539,-15.2082,2.52,65,29,3.62,IS,1670277065
263,Yangi Marg`ilon,40.4272,71.7189,-0.6,93,75,4.12,UZ,1670277182
264,Khorinsk,52.1657,109.7726,-10.86,83,100,8.82,RU,1670277183
265,Santa Isabel Rio Negro,-0.4139,-65.0192,26.59,79,99,1.31,BR,1670277183
266,Beian,63.6559,9.5683,4.45,81,75,7.2,NO,1670277185
267,Kyshtovka,56.555,76.6271,-22.07,100,92,1.67,RU,1670277185
268,Vila Franca do Campo,37.7167,-25.4333,17.33,81,67,5.7,PT,1670277186
269,Khatanga,71.9667,102.5,-33.23,100,18,2.05,RU,1670277014
270,Igarka,67.4667,86.5833,-3.82,92,100,7.49,RU,1670277187
271,Diego de Almagro,-26.3667,-70.05,25.1,24,0,4.35,CL,1670277188
272,George Town,5.4112,100.3354,27.35,92,40,1.03,MY,1670276997
273,Prince Rupert,54.3161,-130.3201,2.83,77,75,3.6,CA,1670277189
274,La Sarre,48.8002,-79.1996,-5.77,97,100,2.09,CA,1670277061
275,Santa Cruz del Sur,20.7147,-77.9956,27.14,52,0,7.99,CU,1670277190
276,Galveston,29.3669,-94.9669,28.06,85,0,4.63,US,1670277002
277,Estevan,49.1334,-102.9842,-14.81,60,40,2.06,CA,1670276905
278,Dagana,16.5165,-15.5068,24.53,39,26,2.13,MR,1670277192
279,Alice Springs,-23.7,133.8833,25.75,29,2,0.0,AU,1670277192
280,Chingirlau,51.095,54.0814,-13.08,86,9,3.22,KZ,1670277193
281,Korenovsk,45.4686,39.4519,-3.71,72,6,7.93,RU,1670277194
282,Yatou,37.15,122.3833,-0.69,56,2,4.18,CN,1670277195
283,West Monroe,32.5185,-92.1476,23.0,79,100,4.63,US,1670277195
284,Vicuña,-30.0319,-70.7081,29.87,35,0,3.28,CL,1670277196
285,Fortuna,40.5982,-124.1573,13.29,79,100,0.45,US,1670277197
286,Khorol,49.7837,33.2783,-6.36,50,50,4.19,UA,1670277197
287,New Plymouth,-39.0667,174.0833,14.06,69,94,3.9,NZ,1670277198
288,Nicoya,10.1483,-85.452,26.92,74,53,2.25,CR,1670277199
289,Ust-Nera,64.5667,143.2,-41.81,98,99,1.11,RU,1670277199
290,Baruun-Urt,46.6806,113.2792,-15.89,72,3,6.75,MN,1670277033
291,Vila Velha,-20.3297,-40.2925,24.97,86,20,5.66,BR,1670277200
292,Omsukchan,62.5333,155.8,-29.8,99,99,1.8,RU,1670277201
293,Srandakan,-7.9386,110.2506,24.21,93,100,1.52,ID,1670277202
294,Yachimata,35.65,140.3167,5.76,96,75,7.72,JP,1670277202
295,Hay River,60.8156,-115.7999,-28.01,69,75,8.23,CA,1670277195
296,Chuguyevka,44.1653,133.8633,-16.17,92,15,1.87,RU,1670277204
297,Mahébourg,-20.4081,57.7,24.16,88,40,4.63,MU,1670276948
298,Arvika,59.6553,12.5852,-5.66,86,57,1.51,SE,1670277205
299,Olonets,60.9847,32.9698,-4.86,93,100,4.1,RU,1670277206
300,Half Moon Bay,37.4636,-122.4286,16.62,73,0,6.17,US,1670277207
301,Muli,2.9167,73.5667,26.55,76,100,2.11,MV,1670277208
302,Coahuayana Viejo,18.7333,-103.6833,29.7,64,2,2.62,MX,1670277135
303,Ulaanbaatar,47.9077,106.8832,-30.93,69,0,1.0,MN,1670277209
304,Flin Flon,54.7682,-101.865,-26.09,64,100,3.09,CA,1670277209
305,Barra do Garças,-15.89,-52.2567,25.32,78,75,6.69,BR,1670277209
306,Waingapu,-9.6567,120.2641,25.49,82,100,0.91,ID,1670277210
307,Sangar,63.9242,127.4739,-30.11,95,100,1.91,RU,1670277210
308,Doha,25.2867,51.5333,24.94,76,0,3.09,QA,1670277140
309,Souillac,-20.5167,57.5167,24.21,88,40,4.63,MU,1670276918
310,Darhan,49.4867,105.9228,-21.65,88,9,2.88,MN,1670277211
311,Usinsk,65.9939,57.5281,-16.8,95,74,6.65,RU,1670277212
312,Coyhaique,-45.5752,-72.0662,14.97,55,75,4.12,CL,1670277212
313,Ilulissat,69.2167,-51.1,-1.19,70,51,4.05,GL,1670277213
314,Pangoa,-12.1167,-73.0,21.41,92,77,1.76,PE,1670277213
315,Santa Cruz de la Sierra,-17.8,-63.1667,37.03,30,75,3.09,BO,1670277152
316,Beşikdüzü,41.052,39.2284,11.94,82,53,2.23,TR,1670277133
317,Caravelas,-17.7125,-39.2481,22.55,85,100,2.65,BR,1670277002
318,Anaconda,46.1285,-112.9423,-1.03,80,66,5.27,US,1670277215
319,Ayagoz,47.9714,80.4392,-26.63,100,95,2.34,KZ,1670277215
320,Kabompo,-13.5927,24.2008,17.84,83,76,2.68,ZM,1670277215
321,Pacific Grove,36.6177,-121.9166,14.37,80,0,3.13,US,1670277216
322,Biak,-0.9131,122.8766,24.21,83,100,2.6,ID,1670277216
323,Colares,38.7992,-9.4469,14.86,91,66,2.24,PT,1670277217
324,Jataizinho,-23.2542,-50.98,27.32,83,40,4.63,BR,1670277217
325,Bonfim,3.0833,-59.95,31.97,69,89,0.84,BR,1670277218
326,Lamu,-2.2717,40.902,27.12,77,66,3.69,KE,1670277218
327,Vestmannaeyjar,63.4427,-20.2734,4.69,69,43,2.13,IS,1670277218
328,Bethel,41.3712,-73.414,6.63,53,100,1.52,US,1670277219
329,Pisco,-13.7,-76.2167,21.03,78,0,3.6,PE,1670277090
330,Geraldton,-28.7667,114.6,20.23,88,75,5.14,AU,1670277220
331,Uchiza,-8.4592,-76.4633,27.24,72,58,0.2,PE,1670277220
332,Viranşehir,37.2353,39.7631,9.93,68,53,1.4,TR,1670277220
333,Lavrentiya,65.5833,-171.0,-1.13,87,100,11.71,RU,1670277221
334,Byron Bay,-28.65,153.6167,26.51,54,1,1.9,AU,1670277222
335,Oyem,1.5995,11.5793,21.2,86,99,0.46,GA,1670277222
336,Bucerías,20.75,-105.3333,28.32,78,17,2.87,MX,1670277222
337,Pierre,44.3683,-100.351,-3.97,69,100,1.79,US,1670277223
338,Bereda,43.2686,-7.5406,8.65,100,100,0.75,ES,1670277223
339,Pitimbu,-7.4706,-34.8086,26.33,78,26,4.88,BR,1670277224
340,Vanimo,-2.6741,141.3028,25.72,87,100,1.49,PG,1670277224
341,Ciudad Bolivar,8.1222,-63.5497,28.73,56,100,2.17,VE,1670277225
342,Goderich,43.7501,-81.7165,4.18,56,100,5.14,CA,1670276987
343,São José da Coroa Grande,-8.8978,-35.1478,24.91,86,24,5.33,BR,1670277225
344,Leopold,-38.1833,144.4667,16.36,80,75,5.66,AU,1670277226
345,Ixtapa,20.7,-105.2,27.9,78,13,2.68,MX,1670277227
346,Mwandiga,-4.83,29.6581,20.34,86,98,2.3,TZ,1670277227
347,Arrondissement de Nevers,46.9167,3.3333,1.98,92,62,1.21,FR,1670277228
348,Port Lincoln,-34.7333,135.8667,16.03,66,100,6.26,AU,1670277041
349,Touros,-5.1989,-35.4608,26.39,74,19,5.47,BR,1670277228
350,Ostrovnoy,68.0531,39.5131,-6.05,87,34,10.28,RU,1670277229
351,Guerrero Negro,27.9769,-114.0611,19.6,71,8,8.31,MX,1670277121
352,Angangueo,19.6194,-100.2853,17.62,39,1,1.95,MX,1670277230
353,Warrington,53.3925,-2.5802,6.04,88,75,2.57,GB,1670277216
354,Northam,51.0333,-4.2167,6.88,86,100,6.36,GB,1670277230
355,Alekseyevsk,57.8406,108.3492,-10.95,93,100,5.61,RU,1670277231
356,Vanderhoof,54.0166,-124.0198,-13.11,86,95,1.02,CA,1670277231
357,College,64.8569,-147.8028,-7.28,91,100,0.0,US,1670277231
358,Bandarbeyla,9.4942,50.8122,25.11,73,28,8.35,SO,1670277044
359,Yambio,4.5721,28.3955,21.17,78,16,2.05,SS,1670277232
360,Mount Gambier,-37.8333,140.7667,13.83,60,25,3.57,AU,1670277233
361,Nipawin,53.3668,-104.0009,-22.98,64,0,2.57,CA,1670277233
362,Obihiro,42.9172,143.2044,-6.32,71,0,0.98,JP,1670277234
363,Natchez,31.5604,-91.4032,24.12,76,100,5.14,US,1670277106
364,Norman Wells,65.282,-126.8329,-28.98,69,75,5.14,CA,1670277234
365,Tiznit Province,29.5833,-9.5,14.45,87,63,0.97,MA,1670277127
366,Arrondissement de Cahors,44.4167,1.3333,3.89,73,99,2.09,FR,1670277235
367,Kaniama,-7.5667,24.1833,16.95,98,98,0.82,CD,1670277235
368,Udala,43.0778,-2.5125,9.48,92,100,2.28,ES,1670277236
369,Xai-Xai,-25.0519,33.6442,22.72,86,100,7.69,MZ,1670277236
370,Mujiayingzi,42.1167,118.7833,-11.09,39,0,4.48,CN,1670277237
371,Puerto Madryn,-42.7692,-65.0385,32.42,13,81,12.77,AR,1670277237
372,Nongstoin,25.5167,91.2667,9.54,43,0,2.05,IN,1670277238
373,Bubaque,11.2833,-15.8333,27.14,69,77,3.13,GW,1670277238
374,Plettenberg Bay,-34.0527,23.3716,16.38,70,48,2.16,ZA,1670277238
375,Tchibanga,-2.85,11.0333,21.49,96,100,1.17,GA,1670277239
376,Pasinler,39.9803,41.6764,-3.45,85,63,1.13,TR,1670277239
377,Salisbury,51.0693,-1.7957,7.05,87,100,4.12,GB,1670277240
378,Omboué,-1.5746,9.2618,25.57,90,86,2.49,GA,1670277240
379,Khani,41.9563,42.9566,2.76,88,100,2.14,GE,1670277241
380,Port Hedland,-20.3167,118.5667,26.03,78,92,4.63,AU,1670277185
381,Ténenkou,14.4572,-4.9169,29.94,18,95,3.28,ML,1670277241
382,Victor Harbor,-35.5667,138.6167,13.89,71,96,5.11,AU,1670277242
383,Kendari,-3.945,122.4989,24.22,92,100,1.64,ID,1670277244
384,Quelimane,-17.8786,36.8883,25.82,87,17,3.05,MZ,1670277065
385,Bengkulu,-3.8004,102.2655,23.38,90,100,1.19,ID,1670277247
386,Russell,32.3502,-85.1999,21.6,68,0,2.06,US,1670277248
387,Naryan-Mar,67.6713,53.087,-14.93,88,97,6.26,RU,1670277249
388,Cassilândia,-19.1133,-51.7342,24.12,74,89,1.7,BR,1670277249
389,Colesberg,-30.72,25.0972,13.79,55,62,6.74,ZA,1670277250
390,Tucumã,-0.1833,-50.05,24.77,88,99,2.51,BR,1670277251
391,Burnie,-41.0667,145.9167,14.41,47,1,2.19,AU,1670277252
392,Haines Junction,60.7522,-137.5108,-9.07,95,97,0.83,CA,1670276894
393,Nishihara,26.1842,127.7558,18.6,92,100,7.72,JP,1670277253
394,Svetlaya,46.5389,138.3297,-12.63,75,1,4.31,RU,1670277253
395,Evensk,61.95,159.2333,-14.61,94,100,2.5,RU,1670277058
396,Carpinteria,34.3989,-119.5185,19.43,59,24,1.34,US,1670276983
397,Shimanovsk,52.0,127.7,-18.96,98,100,1.85,RU,1670277255
398,Ossora,59.2353,163.0719,-15.26,85,43,5.81,RU,1670277255
399,Saint-Augustin,51.226,-58.6502,-5.98,85,6,1.38,CA,1670277256
400,Udachny,66.4167,112.4,-23.64,76,100,4.68,RU,1670277256
401,Kiunga,-6.1219,141.2906,22.82,99,100,0.88,PG,1670277257
402,Mogadishu,2.0371,45.3438,26.78,80,17,6.72,SO,1670277160
403,Botro,7.8525,-5.3106,24.71,52,91,0.87,CI,1670277258
404,Phang Nga,8.4509,98.5298,24.02,95,85,2.0,TH,1670277259
405,Sisimiut,66.9395,-53.6735,1.0,71,100,5.37,GL,1670277041
406,Saint George,37.1041,-113.5841,15.53,53,20,1.79,US,1670277260
407,Sakaraha,-22.9,44.5333,22.89,74,24,2.29,MG,1670277261
408,Palu,-0.8917,119.8707,24.05,94,97,1.08,ID,1670277003
409,Knysna,-34.0363,23.0471,16.73,70,57,1.14,ZA,1670277106
410,Acobamba,-11.3525,-75.6594,13.31,71,68,2.62,PE,1670277263
411,Mēga,4.05,38.3,16.0,63,96,3.44,ET,1670277265
412,Petropavlovsk-Kamchatskiy,53.0452,158.6483,-15.67,72,75,3.0,RU,1670277265
413,Airai,-8.9266,125.4092,15.66,70,86,0.68,TL,1670277266
414,Ukiah,39.1502,-123.2078,12.94,78,75,2.06,US,1670277051
415,Grindavik,63.8424,-22.4338,-2.74,100,20,2.57,IS,1670277267
416,Buchmany,51.0689,28.0421,-7.89,87,22,5.12,UA,1670277267
417,Valdivia,-39.8142,-73.2459,17.05,72,79,2.55,CL,1670277076
418,Ratnagiri,16.9833,73.3,25.35,72,53,2.45,IN,1670277088
419,Doka,13.5167,35.7667,25.29,34,8,3.5,SD,1670277268
420,Parabel',58.6978,81.4825,-17.87,96,100,2.83,RU,1670277269
421,Chiang Khong,20.2613,100.4046,18.26,97,64,0.64,TH,1670277269
422,Peleduy,59.6289,112.7406,-11.13,94,100,5.28,RU,1670277270
423,Blind River,46.1834,-82.9582,3.06,73,100,4.7,CA,1670277270
424,Cockburn Town,21.4612,-71.1419,24.98,65,40,8.23,TC,1670277181
425,Tuatapere,-46.1333,167.6833,10.05,77,93,2.38,NZ,1670277271
426,Isangel,-19.55,169.2667,30.06,84,20,1.54,VU,1670277052
427,Borogontsy,62.6683,131.1683,-32.93,100,99,0.63,RU,1670277272
428,Upington,-28.4478,21.2561,21.21,21,88,3.09,ZA,1670277272
429,Pecos,31.4229,-103.4932,26.28,36,0,6.17,US,1670277261
430,Sergach,55.5308,45.4661,-15.5,93,66,2.04,RU,1670277273
431,Nanortalik,60.1432,-45.2371,0.79,77,96,6.34,GL,1670277273
432,Shancheng,34.7953,116.0817,0.51,60,1,2.47,CN,1670277274
433,Ust'-Ilimsk,58.0006,102.6619,-13.0,92,100,6.21,RU,1670277274
434,Diamantino,-14.4086,-56.4461,23.24,94,100,2.37,BR,1670277074
435,Okhotsk,59.3833,143.3,-30.16,82,65,4.74,RU,1670277275
436,Alta Floresta,-9.8756,-56.0861,21.37,99,100,1.38,BR,1670277276
437,Praia da Vitória,38.7333,-27.0667,16.53,88,75,4.26,PT,1670277276
438,Kattivākkam,13.2167,80.3167,27.05,77,85,4.24,IN,1670277277
439,Nur,52.6683,22.3221,-1.15,95,99,4.32,PL,1670277277
440,Yenangyaung,20.4667,94.8833,21.56,68,18,1.81,MM,1670277277
441,Itarema,-2.9248,-39.9167,26.47,78,16,8.13,BR,1670277278
442,Tagusao,9.1924,117.8141,25.73,84,98,1.85,PH,1670277278
443,Vaitape,-16.5167,-151.75,26.38,77,76,7.96,PF,1670277188
444,Banamba,13.55,-7.45,29.24,21,100,3.16,ML,1670277279
445,São Borja,-28.6606,-56.0044,28.86,40,5,6.11,BR,1670277279
446,Nouadhibou,20.931,-17.0347,20.99,73,7,4.63,MR,1670277280
447,São Félix do Xingu,-6.6447,-51.995,22.37,96,78,0.63,BR,1670277280
448,Chapadinha,-3.7417,-43.3603,27.56,64,45,2.59,BR,1670277281
449,Katete,-0.7818,29.7544,14.42,97,67,1.7,UG,1670277281
450,Saint Anthony,45.0205,-93.218,-1.41,63,100,5.14,US,1670277078
451,Salacgrīva,57.7536,24.3581,-3.07,90,100,5.05,LV,1670277282
452,Okha,53.5739,142.9478,-17.5,90,65,6.19,RU,1670277282
453,Beloha,-25.1667,45.05,26.68,60,15,3.73,MG,1670277283
454,Fare,-16.7,-151.0167,26.27,77,4,7.74,PF,1670277283
455,Macia,-25.0269,33.0989,22.2,92,100,1.33,MZ,1670277284
456,Mandera,3.9366,41.867,29.41,36,71,4.17,KE,1670277284
457,San Clemente,33.427,-117.612,18.54,69,99,2.24,US,1670277284
458,Esim,4.8699,-2.2405,26.24,85,73,3.11,GH,1670277285
459,Tegul'det,57.3064,88.1667,-18.24,93,100,3.0,RU,1670277286
460,Pandan,14.0453,124.1694,25.16,82,100,3.31,PH,1670277286
461,Øksfjord,70.2396,22.3479,3.1,99,100,2.19,NO,1670277286
462,Birao,10.2849,22.7882,21.71,26,100,2.87,CF,1670277287
463,Altay,47.8667,88.1167,-14.35,81,95,2.62,CN,1670277287
464,Puerto Escondido,15.85,-97.0667,28.32,57,4,2.64,MX,1670277288
465,Timrå,62.487,17.3257,-2.4,93,0,1.03,SE,1670277288
466,São João da Barra,-21.6403,-41.0511,25.05,84,89,9.12,BR,1670277289
467,Baní,18.2833,-70.3333,27.14,61,6,1.14,DO,1670277289
468,Bogashevo,56.3683,85.1447,-22.79,84,0,3.13,RU,1670277290
469,Saravan,39.7196,45.6483,-3.48,87,87,1.47,AM,1670277290
470,Strøby Egede,55.4138,12.245,2.97,97,100,3.88,DK,1670277291
471,Cabedelo,-6.9811,-34.8339,26.37,76,15,5.33,BR,1670277291
472,Beira,-19.8436,34.8389,27.05,94,20,5.36,MZ,1670277292
473,Miles City,46.4083,-105.8406,-5.46,86,100,3.6,US,1670277023
474,Pervomayskiy,53.2485,40.2871,-8.22,57,49,2.53,RU,1670277292
475,Dwārka,22.2394,68.9678,23.1,41,0,5.96,IN,1670277055
476,Tierra Blanca,14.5833,-88.5833,26.81,59,2,2.31,HN,1670277293
477,Purranque,-40.9167,-73.1667,19.63,81,88,1.88,CL,1670277294
478,Ouadda,8.0777,22.4007,21.85,36,45,2.22,CF,1670277105
479,Olinda,-8.0089,-34.8553,25.85,78,75,2.06,BR,1670277294
480,San Joaquin,37.9333,-121.3011,17.07,63,0,3.09,US,1670277295
481,Robertsport,6.7533,-11.3686,26.71,79,100,2.3,LR,1670277295
482,Yar-Sale,66.8333,70.8333,-18.29,99,14,2.47,RU,1670277296
483,Couva,10.4225,-61.4675,28.99,44,77,1.34,TT,1670277296
484,Naze,28.3667,129.4833,14.51,70,98,8.82,JP,1670277297
485,Narón,43.5167,-8.1528,12.23,78,100,2.0,ES,1670277297
486,Quzhou,28.9594,118.8686,6.17,92,76,2.59,CN,1670277298
487,Iqaluit,63.7506,-68.5145,-13.15,78,75,0.0,CA,1670277298
488,San Cristobal,7.7669,-72.225,22.1,92,60,1.63,VE,1670277299
489,Ayan,56.45,138.1667,-12.78,63,100,4.76,RU,1670277299
490,Kurlovo,55.4325,40.4854,-9.67,80,100,2.61,RU,1670277300
491,Hamilton,39.1834,-84.5333,8.46,58,100,0.89,US,1670277300
492,Porto Velho,-8.7619,-63.9039,25.03,94,20,0.0,BR,1670277300
493,Santa Maria,-29.6842,-53.8069,29.61,58,20,5.66,BR,1670277301
494,Bichura,50.5881,107.6022,-17.9,84,99,2.92,RU,1670277301
495,Dicabisagan,17.0818,122.4157,24.24,92,92,3.12,PH,1670277304
496,Nandurbar,21.3667,74.25,23.66,53,32,3.13,IN,1670277305
497,Hambantota,6.1241,81.1185,23.19,100,20,1.03,LK,1670277306
498,Bada,51.392,109.8717,-12.13,87,100,7.41,RU,1670277307
499,Tura,25.5198,90.2201,15.29,85,0,1.6,IN,1670277308
500,Malbork,54.0359,19.0266,3.8,89,100,2.08,PL,1670277309
501,Port-Cartier,50.0334,-66.8654,-0.7,76,100,6.65,CA,1670277311
502,Athabasca,54.7169,-113.2854,-16.77,80,100,7.3,CA,1670277141
503,Butembo,0.15,29.2833,13.31,97,100,1.27,CD,1670277312
504,Rawson,-43.3002,-65.1023,31.16,15,0,10.8,AR,1670277313
505,Ambilobe,-13.2,49.05,23.9,85,23,0.64,MG,1670277314
506,Shuya,56.8487,41.3883,-10.36,87,100,2.89,RU,1670277315
507,Balabac,7.9868,117.0645,26.84,82,89,6.12,PH,1670277316
508,Ereymentau,51.6199,73.1033,-25.67,93,35,1.6,KZ,1670277317
509,Pargas,60.3067,22.301,1.05,92,100,3.71,FI,1670277319
510,Spirit River,55.7833,-118.8361,-19.76,79,74,4.29,CA,1670277320
511,Bograd,54.2344,90.8328,-22.87,90,8,1.18,RU,1670277321
512,Inuvik,68.3499,-133.7218,-22.44,57,75,6.17,CA,1670277322
513,Tual,-5.6667,132.75,27.96,70,94,2.58,ID,1670277114
514,Sambava,-14.2667,50.1667,24.05,85,29,4.71,MG,1670277324
515,Senador José Porfírio,-2.5908,-51.9542,25.07,79,89,1.14,BR,1670277325
516,Tupik,54.4253,119.9327,-22.32,92,100,1.49,RU,1670277325
517,Isla Vista,34.4133,-119.861,19.41,64,13,6.69,US,1670277326
518,Togur,58.3631,82.8265,-18.39,97,100,2.52,RU,1670277327
519,Vao,-22.6667,167.4833,25.25,87,100,4.41,NC,1670277327
520,Kristinestad,62.2743,21.376,0.99,77,99,8.2,FI,1670277329
521,Kuah,6.3265,99.8432,25.99,89,20,1.03,MY,1670277330
522,Tautira,-17.7333,-149.15,26.18,76,52,7.51,PF,1670277046
523,San Vicente de Cañete,-13.0751,-76.3835,20.73,77,33,2.9,PE,1670277331
524,Biskamzha,53.4497,89.5272,-22.1,97,95,0.67,RU,1670277331
525,Egvekinot,66.3167,-179.1667,-13.0,82,100,6.42,RU,1670277028
526,Namatanai,-3.6667,152.4333,27.18,77,99,1.39,PG,1670277332
527,Flinders,-34.5833,150.8552,19.03,80,57,4.24,AU,1670277332
528,Kurumkan,54.3,110.3,-15.05,91,100,2.6,RU,1670277333
529,Kruisfontein,-34.0033,24.7314,13.82,91,3,3.44,ZA,1670277333
530,San Patricio,28.017,-97.5169,27.05,64,75,6.05,US,1670277301
531,Alyangula,-13.8483,136.4192,29.07,61,81,3.37,AU,1670277334
532,San Vicente,-26.6167,-54.1333,22.58,80,89,0.88,AR,1670277334
533,Stephenville,32.2207,-98.2023,27.07,48,0,5.66,US,1670277155
534,Ust-Tsilma,65.441,52.1498,-14.6,90,58,2.91,RU,1670277335
535,Yeppoon,-23.1333,150.7333,23.88,66,0,2.01,AU,1670277336
536,Norrtälje,59.758,18.705,0.57,87,83,2.42,SE,1670277336
537,Luau,-10.7073,22.2247,18.97,90,100,1.0,AO,1670277337
538,Zhuhai,22.2769,113.5678,13.88,82,40,10.29,CN,1670277048
539,Merauke,-8.4667,140.3333,25.87,80,96,3.5,ID,1670277312
540,Boueni,-12.9025,45.0761,26.99,80,2,4.78,YT,1670277338
541,Craigieburn,-37.6,144.95,13.95,92,75,3.6,AU,1670277338
542,Roald,62.5833,6.1333,5.97,70,75,3.09,NO,1670277338
543,Gondanglegi,-7.7479,112.0132,24.18,90,100,0.45,ID,1670277339
544,Sioux Lookout,50.1001,-91.917,-18.96,65,20,4.12,CA,1670277339
545,Riyadh,24.6877,46.7219,21.08,39,75,5.49,SA,1670277042
546,Godfrey,38.9556,-90.1868,11.1,79,69,1.34,US,1670277045
547,Baghmara,23.795,86.2085,14.04,43,0,3.3,IN,1670277341
548,Kumul,42.8,93.45,-5.46,37,100,1.25,CN,1670277113
549,Anshun,26.25,105.9333,3.27,83,100,3.4,CN,1670277341
550,Quaraí,-30.3875,-56.4514,31.62,24,0,5.96,BR,1670277342
551,Dakoro,14.5106,6.765,23.52,17,79,4.96,NE,1670277342
552,Novomykolayivka,47.9781,35.9102,-5.86,48,8,5.81,UA,1670277342
553,Mayumba,-3.432,10.6554,25.37,90,100,2.1,GA,1670277295
554,Xiantao,30.3833,113.4,5.42,76,99,1.24,CN,1670277343
555,Karratha,-20.7377,116.8463,26.87,43,3,5.58,AU,1670277344
556,Tumpat,6.1978,102.171,25.01,94,20,0.0,MY,1670277344
557,Channel-Port aux Basques,47.5702,-59.1367,0.81,61,10,1.4,CA,1670277345
558,Opuwo,-18.0607,13.84,22.08,35,19,3.05,NA,1670277345
559,Aripuanã,-9.1667,-60.6333,22.71,99,100,0.53,BR,1670277346
560,Wanning,18.8003,110.3967,18.99,89,90,5.42,CN,1670277346
561,Talara,-4.5772,-81.2719,26.42,53,0,5.14,PE,1670277347
562,Aswān,24.0934,32.907,17.61,55,0,2.06,EG,1670277347
563,Lehre,52.3333,10.6667,3.4,92,100,2.57,DE,1670277348
564,Binka,21.0333,83.8,15.92,61,0,0.25,IN,1670277348
565,Karlskrona,56.1616,15.5866,1.25,98,100,1.91,SE,1670277349
566,Dalby,-27.1833,151.2667,26.28,38,0,7.73,AU,1670277349
567,Paraíso,9.8383,-83.8656,22.31,73,60,1.92,CR,1670277350
568,Köping,59.514,15.9926,-5.04,89,34,1.99,SE,1670277350
569,Tynda,55.1667,124.7167,-29.71,98,66,1.34,RU,1670277350
570,Inhambane,-23.865,35.3833,25.23,89,100,4.46,MZ,1670277351
571,Hutchinson,38.0608,-97.9298,14.18,58,16,0.45,US,1670277342
572,Scalea,39.813,15.7956,14.97,71,100,0.91,IT,1670277352
573,Talaya,61.3833,152.75,-41.97,99,59,0.54,RU,1670277353
